{
    "thoughts": {
        "text": "To optimize the performance and efficiency of the game, it is important to profile the game and identify areas for improvement. By using a profiler, we can gather data on the game's execution and identify performance bottlenecks.",
        "reasoning": "Profiling the game will provide insights into its performance characteristics, such as CPU usage, memory allocation, and function call timings. By analyzing this data, we can identify areas that can be optimized to improve the overall performance and efficiency of the game.",
        "plan": "1. Integrate a profiler into the game.\n2. Run the game and collect performance data using the profiler.\n3. Analyze the data to identify performance bottlenecks.\n4. Apply optimization techniques to improve the performance and efficiency of the game.\n5. Test and evaluate the impact of the optimizations.",
        "criticism": "Optimizing the performance of the game requires a careful balance between performance improvements and maintaining the desired gameplay experience. Some optimizations might come at the cost of visual quality or complexity.",
        "speak": "To optimize the performance and efficiency of the game, I will integrate a profiler, collect data, and analyze it to identify performance bottlenecks."
    },
    "command": {
        "name": "execute_python_code",
        "args": {
            "code": "import cProfile\n\n# Function to run the game\n# ... (game logic goes here)\n\n# Profile the game\nprofiler = cProfile.Profile()\nprofiler.enable()\n\n# Run the game\nrun_game()\n\n# Disable the profiler\nprofiler.disable()\n\n# Print profiling statistics\nprofiler.print_stats()\n"
        }
    }
}