{
    "thoughts": {
        "text": "To accomplish the goal of utilizing the NVIDIA GameGAN Docker to generate a simple game, I need to execute a shell command to run the Docker container.",
        "reasoning": "By executing a shell command, I can run the Docker container with the NVIDIA GameGAN to generate the game.",
        "plan": "1. Execute a shell command to run the NVIDIA GameGAN Docker container.\n2. Generate the simple game using the Docker container.\n3. Test and iterate on the game generated by the NVIDIA GameGAN.",
        "criticism": "I should be aware of the potential complexity and resource requirements of running the NVIDIA GameGAN Docker container. It may require substantial computational resources and time to generate the game.",
        "speak": "To utilize the NVIDIA GameGAN Docker and generate the game, I will execute a shell command to run the Docker container."
    },
    "command": {
        "name": "execute_shell",
        "args": {
            "command_line": "docker run nvidia-gamegan"
        }
    }
}