{
    "thoughts": {
        "text": "To continuously iterate and improve the game based on user feedback and emerging trends in the gaming industry, it is essential to gather feedback from players and stay updated with the latest developments in the gaming industry. Conducting surveys and analyzing player feedback can provide valuable insights for improvement, while staying updated with industry news and trends can help in incorporating new features and technologies into the game.",
        "reasoning": "By actively seeking feedback from players and keeping up with industry trends, I can gather insights and ideas for game improvement. This iterative process will allow for continuous refinement and enhancement of the game.",
        "plan": "1. Set up a system to gather feedback from players, such as surveys or in-game feedback forms.\n2. Regularly analyze the feedback received and identify areas of improvement.\n3. Stay updated with the latest news and trends in the gaming industry.\n4. Incorporate relevant feedback and industry trends into the game's development.\n5. Test and iterate on the game based on the implemented changes.\n6. Repeat the feedback and improvement cycle to ensure continuous enhancement of the game.",
        "criticism": "It's important to strike a balance between incorporating user feedback and industry trends while maintaining the core vision and gameplay experience of the game. Not all feedback or trends may align with the game's design goals.",
        "speak": "To continuously iterate and improve the game, I will actively gather feedback from players and stay updated with the latest industry trends."
    },
    "command": {
        "name": "execute_python_code",
        "args": {
            "code": "# Code to gather player feedback and stay up-to-date with industry trends\nimport surveys\nimport news\n\n# Gather player feedback\nfeedback = surveys.collect_feedback()\n\n# Analyze feedback and identify areas for improvement\nimprovement_areas = surveys.analyze_feedback(feedback)\n\n# Stay updated with industry news\nindustry_news = news.get_latest_news()\n\n# Incorporate feedback and industry trends into game development\ngame.update_based_on_feedback(improvement_areas)\ngame.update_based_on_trends(industry_news)\n",
            "name": "feedback_trends.py"
        }
    }
}