{
    "thoughts": {
        "text": "To accomplish the goal of developing a basic physics engine using the Ursina framework, I need to write code and execute it. The Ursina framework is written in Python, so I will use the execute_python_code command to write and execute the code.",
        "reasoning": "By using the execute_python_code command, I can write the necessary code for the physics engine and execute it within the current environment.",
        "plan": "1. Write the code for the physics engine using the Ursina framework.\n2. Use the execute_python_code command to execute the code.\n3. Test and iterate on the physics engine as needed.",
        "criticism": "I should be mindful of the potential complexity of developing a physics engine. It may require extensive testing and debugging to ensure the physics interactions are accurate and realistic.",
        "speak": "To develop the physics engine, I will write the necessary code and execute it using the execute_python_code command."
    },
    "command": {
        "name": "execute_python_code",
        "args": {
            "code": "import ursina\n\nclass Ball(ursina.Entity):\n    def __init__(self):\n        super().__init__(model='sphere', color=ursina.color.red, scale=0.5, collider='box')\n        self.velocity = ursina.Vec3(0, 0, 0)\n        self.gravity = ursina.Vec3(0, -0.05, 0)\n        self.drag = 0.1\n\n    def update(self):\n        self.velocity += self.gravity\n        self.velocity *= (1 - self.drag)\n        self.position += self.velocity\n\nursina.window.color = ursina.color.black\n\nball = Ball()\n\ndef update():\n    ball.update()\n\nursina.window.run()",
            "name": "engine-gan.py"
        }
    }
}