{
    "thoughts": {
        "text": "To accomplish the goal of saving the completed game file as engine-gan.py in the designated auto_gpt_workspace, I need to use the write_to_file command to save the game file.",
        "reasoning": "By using the write_to_file command, I can write the game file with the specified name and content to the designated auto_gpt_workspace.",
        "plan": "1. Generate the game using the NVIDIA GameGAN Docker.\n2. Save the game file with the name 'engine-gan.py' using the write_to_file command.\n3. Verify that the game file is properly saved in the auto_gpt_workspace.",
        "criticism": "I should ensure that the auto_gpt_workspace is set up correctly and accessible before attempting to save the game file.",
        "speak": "To save the completed game file, I will use the write_to_file command with the name 'engine-gan.py' in the auto_gpt_workspace."
    },
    "command": {
        "name": "write_to_file",
        "args": {
            "filename": "auto_gpt_workspace/engine-gan.py",
            "text": ""
        }
    }
}