{
    "thoughts": {
        "text": "To fulfill the goal of optimizing the performance and efficiency of the game, it is important to identify potential bottlenecks and areas of improvement. One possible way to achieve this is to use profiling tools to analyze the game's performance and identify areas where optimization can be applied.",
        "reasoning": "Profiling tools can provide valuable insights into the game's performance by highlighting performance bottlenecks, inefficient code, and resource-intensive operations. By using profiling tools, we can target specific areas for optimization and improve the overall performance and efficiency of the game.",
        "plan": "1. Use profiling tools to analyze the game's performance.\n2. Identify performance bottlenecks and areas for optimization.\n3. Apply optimization techniques and strategies to enhance the performance and efficiency of the game.\n4. Test and measure the impact of the optimizations to ensure desired improvements.",
        "criticism": "It's important to consider the trade-offs between performance optimization and gameplay experience. Not all optimizations may be worth pursuing if they significantly impact the gameplay or user experience.",
        "speak": "To optimize the performance and efficiency of the game, I will use profiling tools to analyze the game's performance and identify areas for improvement."
    },
    "command": {
        "name": "execute_python_code",
        "args": {
            "code": "import cProfile\nimport pstats\n\n# Profile the game\nprofiler = cProfile.Profile()\nprofiler.enable()\n\n# Run the game\nrun_game()\n\n# Stop profiling\nprofiler.disable()\n\n# Create a stats object\nstats = pstats.Stats(profiler)\n\n# Print the stats\nstats.print_stats()\n",
            "name": "profile_game.py"
        }
    }
}