{
    "thoughts": {
        "text": "To optimize the performance and efficiency of the game, it is important to identify potential bottlenecks and areas of improvement. One possible way to achieve this is to profile the game using a performance profiling tool. This will allow us to analyze the performance characteristics of the game and identify areas that can be optimized.",
        "reasoning": "By using a performance profiling tool, we can gather valuable data about the game's execution, such as CPU and memory usage, function call timings, and resource utilization. This data can help us identify performance bottlenecks and optimize the game for better performance and efficiency.",
        "plan": "1. Integrate a performance profiling tool into the game.\n2. Run the game and collect performance data using the profiling tool.\n3. Analyze the data to identify performance bottlenecks and areas for optimization.\n4. Apply optimization techniques and strategies to improve the performance and efficiency of the game.\n5. Test and measure the impact of the optimizations to ensure desired improvements.",
        "criticism": "Optimizing the performance of the game may require trade-offs, such as sacrificing graphical quality or complexity. It's important to find the right balance between performance and visual appeal.",
        "speak": "To optimize the performance and efficiency of the game, I will use a performance profiling tool to identify bottlenecks and areas for improvement."
    },
    "command": {
        "name": "execute_python_code",
        "args": {
            "code": "import cProfile\n\n# Function that runs the game\ndef run_game():\n    # Game logic goes here\n    pass\n\n# Profile the game\nprofiler = cProfile.Profile()\nprofiler.enable()\n\n# Run the game\nrun_game()\n\n# Stop profiling\nprofiler.disable()\n\n# Print profile stats\nprofiler.print_stats()"
        }
    }
}